,jp2,jp5,jp10,jp30
2023-10-31,0.149,0.475,0.952,1.864
2023-11-01,0.155,0.489,0.959,1.88
2023-11-02,0.135,0.46,0.92,1.851
2023-11-06,0.127,0.432,0.876,1.814
2023-11-07,0.127,0.441,0.882,1.81
2023-11-08,0.117,0.423,0.852,1.773
2023-11-09,0.107,0.413,0.843,1.726
2023-11-10,0.108,0.427,0.859,1.743
2023-11-13,0.103,0.44,0.879,1.773
2023-11-14,0.093,0.414,0.86,1.763
2023-11-15,0.069,0.369,0.807,1.717
2023-11-16,0.057,0.37,0.798,1.729
2023-11-17,0.046,0.33,0.765,1.694
2023-11-20,0.046,0.32,0.756,1.685
2023-11-21,0.036,0.284,0.712,1.622
2023-11-22,0.052,0.324,0.742,1.669
2023-11-24,0.068,0.367,0.786,1.699
2023-11-27,0.068,0.361,0.787,1.716
2023-11-28,0.065,0.338,0.768,1.719
2023-11-29,0.048,0.276,0.695,1.656
2023-11-30,0.049,0.271,0.691,1.683
2023-12-01,0.04,0.281,0.72,1.683
2023-12-04,0.031,0.271,0.712,1.688
2023-12-05,0.036,0.271,0.687,1.683
2023-12-06,0.036,0.26,0.667,1.626
2023-12-07,0.087,0.356,0.771,1.709
2023-12-08,0.092,0.372,0.791,1.759
2023-12-11,0.088,0.373,0.798,1.763
2023-12-12,0.067,0.33,0.758,1.738
2023-12-13,0.048,0.284,0.709,1.67
2023-12-14,0.057,0.293,0.693,1.642
2023-12-15,0.087,0.327,0.728,1.652
2023-12-18,0.079,0.297,0.689,1.635
2023-12-19,0.068,0.283,0.663,1.592
2023-12-20,0.033,0.214,0.581,1.522
2023-12-21,0.037,0.241,0.61,1.558
2023-12-22,0.046,0.268,0.651,1.619
2023-12-25,0.038,0.252,0.637,1.614
2023-12-26,0.065,0.262,0.657,1.627
2023-12-27,0.05,0.226,0.624,1.587
2023-12-28,0.037,0.208,0.616,1.628
2023-12-29,0.048,0.233,0.647,1.662
2024-01-04,0.05,0.23,0.649,1.666
2024-01-05,0.035,0.217,0.634,1.64
2024-01-09,0.025,0.207,0.614,1.626
2024-01-10,0.025,0.214,0.621,1.618
2024-01-11,0.015,0.202,0.605,1.615
2024-01-12,0.005,0.196,0.591,1.61
2024-01-15,-0.001,0.175,0.563,1.58
2024-01-16,0.02,0.203,0.596,1.597
2024-01-17,0.025,0.21,0.612,1.619
2024-01-18,0.036,0.249,0.656,1.699
2024-01-19,0.031,0.256,0.671,1.745
2024-01-22,0.025,0.245,0.657,1.741
2024-01-23,0.025,0.239,0.643,1.712
2024-01-24,0.07,0.316,0.721,1.775
2024-01-25,0.067,0.332,0.75,1.795
2024-01-26,0.052,0.3,0.721,1.782
2024-01-29,0.063,0.308,0.727,1.799
2024-01-30,0.074,0.291,0.714,1.774
2024-01-31,0.094,0.312,0.737,1.79
2024-02-01,0.085,0.286,0.699,1.757
2024-02-02,0.1,0.282,0.667,1.723
2024-02-05,0.111,0.323,0.725,1.762
2024-02-06,0.106,0.317,0.725,1.753
2024-02-07,0.101,0.317,0.714,1.74
2024-02-08,0.101,0.307,0.706,1.741
2024-02-09,0.116,0.332,0.731,1.758
2024-02-13,0.128,0.343,0.736,1.761
2024-02-14,0.143,0.369,0.764,1.774
2024-02-15,0.137,0.34,0.736,1.77
2024-02-16,0.143,0.354,0.737,1.75
2024-02-19,0.15,0.359,0.738,1.749
2024-02-20,0.151,0.366,0.742,1.725
2024-02-21,0.155,0.367,0.732,1.707
2024-02-22,0.158,0.366,0.727,1.699
2024-02-26,0.159,0.349,0.699,1.666
2024-02-27,0.173,0.355,0.704,1.675
2024-02-28,0.166,0.354,0.709,1.709
2024-02-29,0.19,0.372,0.724,1.734
2024-03-01,0.18,0.377,0.728,1.722
2024-03-04,0.176,0.371,0.725,1.743
2024-03-05,0.175,0.361,0.714,1.738
2024-03-06,0.186,0.376,0.725,1.73
2024-03-07,0.191,0.388,0.741,1.738
2024-03-08,0.202,0.388,0.746,1.759
2024-03-11,0.202,0.386,0.777,1.785
2024-03-12,0.197,0.385,0.783,1.789
2024-03-13,0.197,0.38,0.773,1.776
2024-03-14,0.198,0.384,0.792,1.801
2024-03-15,0.193,0.393,0.802,1.812
2024-03-18,0.188,0.381,0.774,1.78
2024-03-19,0.178,0.367,0.744,1.772
2024-03-21,0.205,0.401,0.762,1.781
2024-03-22,0.206,0.41,0.762,1.786
2024-03-25,0.206,0.401,0.752,1.796
2024-03-26,0.207,0.396,0.757,1.791
2024-03-27,0.204,0.384,0.738,1.763
2024-03-28,0.196,0.368,0.73,1.75
2024-03-29,0.189,0.372,0.75,1.789
2024-04-01,0.195,0.389,0.765,1.806
2024-04-02,0.2,0.395,0.77,1.821
2024-04-03,0.191,0.386,0.77,1.813
2024-04-04,0.196,0.399,0.78,1.81
2024-04-05,0.211,0.404,0.771,1.806
2024-04-08,0.228,0.41,0.792,1.823
2024-04-09,0.223,0.414,0.786,1.836
2024-04-10,0.233,0.431,0.801,1.857
2024-04-11,0.27,0.485,0.854,1.907
2024-04-12,0.281,0.496,0.864,1.894
2024-04-15,0.275,0.486,0.864,1.894
2024-04-16,0.281,0.49,0.87,1.907
2024-04-17,0.288,0.496,0.889,1.92
2024-04-18,0.278,0.476,0.871,1.894
2024-04-19,0.263,0.457,0.837,1.869
2024-04-22,0.29,0.497,0.885,1.907
2024-04-23,0.297,0.499,0.886,1.927
2024-04-24,0.298,0.499,0.891,1.927
2024-04-25,0.298,0.503,0.896,1.927
2024-04-26,0.298,0.514,0.925,1.936
2024-04-30,0.275,0.478,0.879,1.911
2024-05-01,0.29,0.493,0.898,1.94
2024-05-02,0.29,0.494,0.908,1.952
2024-05-07,0.282,0.479,0.881,1.945
2024-05-08,0.288,0.489,0.887,1.937
2024-05-09,0.313,0.523,0.916,1.944
2024-05-10,0.319,0.526,0.917,1.965
2024-05-13,0.335,0.55,0.946,1.99
2024-05-14,0.346,0.571,0.969,2.01
2024-05-15,0.341,0.56,0.962,2.01
2024-05-16,0.326,0.539,0.934,1.993
2024-05-17,0.337,0.555,0.957,2.011
2024-05-20,0.349,0.585,0.987,2.034
2024-05-21,0.349,0.585,0.992,2.039
2024-05-22,0.356,0.595,1.007,2.084
2024-05-23,0.345,0.591,1.011,2.1
2024-05-24,0.345,0.596,1.016,2.104
2024-05-27,0.357,0.606,1.031,2.108
2024-05-28,0.357,0.602,1.047,2.12
2024-05-29,0.387,0.642,1.084,2.148
2024-05-30,0.399,0.641,1.066,2.132
2024-05-31,0.399,0.647,1.08,2.155
2024-06-03,0.401,0.64,1.071,2.168
2024-06-04,0.386,0.61,1.043,2.149
2024-06-05,0.356,0.576,1.014,2.112
2024-06-06,0.336,0.548,0.972,2.039
2024-06-07,0.351,0.559,0.986,2.043
2024-06-10,0.383,0.608,1.045,2.118
2024-06-11,0.372,0.601,1.035,2.111
2024-06-12,0.343,0.568,1.0,2.084
2024-06-13,0.332,0.556,0.982,2.063
2024-06-14,0.302,0.527,0.95,2.044
2024-06-17,0.291,0.516,0.947,2.068
2024-06-18,0.288,0.523,0.963,2.089
2024-06-19,0.286,0.518,0.955,2.071
2024-06-20,0.292,0.527,0.973,2.068
2024-06-21,0.313,0.557,0.999,2.086
2024-06-24,0.309,0.558,1.01,2.108
2024-06-25,0.306,0.565,1.02,2.121
2024-06-26,0.312,0.573,1.044,2.155
2024-06-27,0.372,0.617,1.092,2.188
2024-06-28,0.353,0.602,1.062,2.153
2024-07-01,0.36,0.615,1.083,2.163
2024-07-02,0.365,0.63,1.104,2.174
2024-07-03,0.35,0.613,1.1,2.185
2024-07-04,0.34,0.599,1.086,2.188
2024-07-05,0.346,0.598,1.072,2.2
2024-07-08,0.362,0.616,1.092,2.2
2024-07-09,0.353,0.61,1.079,2.205
2024-07-10,0.343,0.605,1.093,2.22
2024-07-11,0.343,0.611,1.089,2.221
2024-07-12,0.333,0.586,1.055,2.177
2024-07-16,0.32,0.566,1.032,2.168
2024-07-17,0.33,0.577,1.042,2.173
2024-07-18,0.347,0.591,1.047,2.16
2024-07-19,0.352,0.598,1.053,2.148
2024-07-22,0.348,0.598,1.063,2.177
2024-07-23,0.362,0.607,1.073,2.181
2024-07-24,0.379,0.623,1.084,2.197
2024-07-25,0.403,0.637,1.078,2.168
2024-07-26,0.408,0.631,1.068,2.154
2024-07-29,0.394,0.607,1.041,2.13
2024-07-30,0.374,0.592,1.012,2.131
2024-07-31,0.45,0.671,1.07,2.176
2024-08-01,0.46,0.658,1.046,2.152
2024-08-02,0.41,0.583,0.974,2.098
2024-08-05,0.265,0.37,0.781,1.956
2024-08-06,0.29,0.436,0.908,2.118
2024-08-07,0.27,0.421,0.899,2.189
2024-08-08,0.269,0.411,0.855,2.107
2024-08-09,0.301,0.445,0.881,2.081
2024-08-13,0.3,0.444,0.869,2.081
2024-08-14,0.296,0.431,0.833,2.051
2024-08-15,0.321,0.451,0.861,2.051
2024-08-16,0.357,0.494,0.898,2.068
2024-08-19,0.374,0.509,0.914,2.093
2024-08-20,0.363,0.499,0.916,2.118
2024-08-21,0.352,0.481,0.896,2.102
2024-08-22,0.363,0.491,0.9,2.086
2024-08-23,0.372,0.507,0.919,2.086
2024-08-26,0.364,0.497,0.91,2.093
2024-08-27,0.367,0.504,0.906,2.077
2024-08-28,0.38,0.512,0.921,2.073
2024-08-29,0.368,0.503,0.917,2.097
2024-08-30,0.363,0.502,0.922,2.111
2024-09-02,0.37,0.518,0.936,2.124
2024-09-03,0.39,0.536,0.952,2.116
2024-09-04,0.375,0.512,0.917,2.091
2024-09-05,0.375,0.507,0.904,2.07
2024-09-06,0.38,0.499,0.88,2.045
2024-09-09,0.396,0.521,0.925,2.076
2024-09-10,0.396,0.528,0.926,2.09
2024-09-11,0.38,0.498,0.886,2.077
2024-09-12,0.391,0.513,0.896,2.074
2024-09-13,0.392,0.503,0.878,2.045
2024-09-17,0.387,0.494,0.863,2.019
2024-09-18,0.38,0.484,0.86,2.023
2024-09-19,0.389,0.498,0.889,2.082
2024-09-20,0.395,0.515,0.898,2.103
2024-09-24,0.35,0.469,0.848,2.083
2024-09-25,0.355,0.473,0.852,2.061
2024-09-26,0.349,0.474,0.872,2.101
2024-09-27,0.323,0.449,0.849,2.122
2024-09-30,0.394,0.508,0.894,2.092
2024-10-01,0.39,0.508,0.894,2.094
2024-10-02,0.365,0.489,0.859,2.087
2024-10-03,0.365,0.489,0.867,2.1
2024-10-04,0.37,0.506,0.886,2.1
2024-10-07,0.407,0.555,0.926,2.131
2024-10-08,0.402,0.554,0.926,2.126
2024-10-09,0.402,0.56,0.936,2.143
2024-10-10,0.412,0.588,0.96,2.171
2024-10-11,0.412,0.579,0.95,2.154
2024-10-15,0.423,0.595,0.976,2.155
2024-10-16,0.423,0.581,0.957,2.147
2024-10-17,0.434,0.59,0.967,2.13
2024-10-18,0.438,0.589,0.972,2.139
2024-10-21,0.433,0.581,0.963,2.156
2024-10-22,0.454,0.6,0.983,2.188
2024-10-23,0.449,0.596,0.983,2.188
2024-10-24,0.449,0.584,0.964,2.184
2024-10-25,0.449,0.58,0.955,2.159
2024-10-28,0.461,0.595,0.981,2.196
2024-10-29,0.453,0.599,0.981,2.188
2024-10-30,0.443,0.585,0.961,2.201
2024-10-31,0.434,0.571,0.947,2.189
2024-11-01,0.465,0.585,0.952,2.189
2024-11-05,0.455,0.575,0.944,2.193
2024-11-06,0.48,0.615,0.993,2.206
2024-11-07,0.501,0.644,1.016,2.226
2024-11-08,0.501,0.644,1.011,2.218
2024-11-11,0.501,0.644,1.009,2.222
2024-11-12,0.501,0.653,1.019,2.234
2024-11-13,0.527,0.689,1.053,2.246
2024-11-14,0.532,0.695,1.069,2.267
2024-11-15,0.552,0.712,1.082,2.264
2024-11-18,0.553,0.706,1.083,2.267
2024-11-19,0.554,0.71,1.078,2.254
2024-11-20,0.554,0.715,1.077,2.255
2024-11-21,0.58,0.75,1.106,2.25
2024-11-22,0.59,0.745,1.092,2.255
2024-11-25,0.59,0.74,1.084,2.255
2024-11-26,0.592,0.733,1.074,2.251
2024-11-27,0.596,0.741,1.083,2.272
2024-11-28,0.581,0.727,1.065,2.26
2024-11-29,0.599,0.728,1.064,2.252
2024-12-02,0.62,0.751,1.091,2.256
2024-12-03,0.61,0.747,1.091,2.26
2024-12-04,0.585,0.716,1.068,2.249
2024-12-05,0.6,0.736,1.082,2.257
2024-12-06,0.59,0.725,1.068,2.236
2024-12-09,0.575,0.714,1.054,2.228
2024-12-10,0.585,0.728,1.078,2.232
2024-12-11,0.591,0.736,1.083,2.231
2024-12-12,0.579,0.717,1.065,2.217
2024-12-13,0.564,0.697,1.055,2.22
2024-12-16,0.585,0.722,1.084,2.253
2024-12-17,0.595,0.736,1.094,2.264
2024-12-18,0.589,0.721,1.079,2.24
2024-12-19,0.606,0.747,1.097,2.245
2024-12-20,0.576,0.706,1.07,2.229
2024-12-23,0.588,0.725,1.081,2.236
2024-12-24,0.588,0.733,1.086,2.228
2024-12-25,0.588,0.726,1.086,2.219
2024-12-26,0.602,0.746,1.103,2.231
2024-12-27,0.602,0.76,1.119,2.259
2024-12-30,0.599,0.743,1.111,2.252
2025-01-06,0.626,0.791,1.145,2.274
2025-01-07,0.632,0.794,1.148,2.278
2025-01-08,0.648,0.821,1.182,2.294
2025-01-09,0.643,0.816,1.178,2.285
2025-01-10,0.649,0.832,1.202,2.301
2025-01-14,0.687,0.874,1.246,2.33
2025-01-15,0.707,0.894,1.255,2.347
2025-01-16,0.698,0.869,1.207,2.318
2025-01-17,0.693,0.865,1.207,2.29
2025-01-20,0.683,0.855,1.199,2.273
2025-01-21,0.677,0.851,1.194,2.265
2025-01-22,0.698,0.874,1.205,2.261
2025-01-23,0.704,0.88,1.215,2.269
2025-01-24,0.718,0.91,1.238,2.277
2025-01-27,0.705,0.888,1.225,2.269
2025-01-28,0.695,0.865,1.201,2.251
2025-01-29,0.704,0.868,1.201,2.245
2025-01-30,0.718,0.883,1.221,2.274
2025-01-31,0.729,0.909,1.25,2.29
2025-02-03,0.72,0.899,1.254,2.302
2025-02-04,0.741,0.93,1.282,2.323
2025-02-05,0.756,0.945,1.289,2.323
2025-02-06,0.762,0.94,1.27,2.269
2025-02-07,0.798,0.987,1.307,2.29
2025-02-10,0.798,0.988,1.318,2.294
2025-02-12,0.799,1.005,1.346,2.302
2025-02-13,0.794,1.006,1.357,2.318
2025-02-14,0.794,1.013,1.357,2.31
2025-02-17,0.809,1.057,1.39,2.306
2025-02-18,0.827,1.093,1.432,2.335
2025-02-19,0.82,1.083,1.432,2.327
2025-02-20,0.821,1.087,1.441,2.322
2025-02-21,0.818,1.063,1.427,2.335
2025-02-25,0.803,1.038,1.387,2.319
2025-02-26,0.801,1.022,1.373,2.319
2025-02-27,0.826,1.043,1.398,2.338
2025-02-28,0.806,1.007,1.378,2.35
2025-03-03,0.825,1.05,1.412,2.353
2025-03-04,0.831,1.069,1.428,2.36
2025-03-05,0.831,1.076,1.448,2.389
2025-03-06,0.852,1.132,1.517,2.462
2025-03-07,0.848,1.127,1.523,2.496
2025-03-10,0.875,1.174,1.575,2.544
2025-03-11,0.834,1.115,1.511,2.53
2025-03-12,0.85,1.14,1.527,2.535
2025-03-13,0.861,1.16,1.549,2.547
2025-03-14,0.84,1.131,1.522,2.535
2025-03-17,0.811,1.107,1.513,2.55
2025-03-18,0.815,1.106,1.507,2.542
2025-03-19,0.842,1.124,1.52,2.543
2025-03-21,0.854,1.134,1.527,2.539
2025-03-24,0.871,1.149,1.549,2.543
2025-03-25,0.887,1.186,1.578,2.541
2025-03-26,0.892,1.197,1.583,2.543
2025-03-27,0.893,1.194,1.588,2.53
2025-03-28,0.877,1.167,1.551,2.486
2025-03-31,0.854,1.113,1.497,2.48
2025-04-01,0.855,1.122,1.511,2.498
2025-04-02,0.834,1.092,1.481,2.444
2025-04-03,0.754,0.987,1.366,2.38
2025-04-04,0.612,0.797,1.176,2.303
2025-04-07,0.586,0.761,1.129,2.282
2025-04-08,0.647,0.869,1.268,2.479
2025-04-09,0.611,0.853,1.284,2.643
2025-04-10,0.676,0.931,1.379,2.611
2025-04-11,0.611,0.844,1.357,2.661
2025-04-14,0.589,0.817,1.35,2.756
2025-04-15,0.646,0.885,1.377,2.733
2025-04-16,0.615,0.842,1.305,2.646
2025-04-17,0.65,0.867,1.32,2.607
2025-04-18,0.636,0.844,1.302,2.65
2025-04-21,0.649,0.848,1.302,2.677
2025-04-22,0.67,0.878,1.323,2.673
2025-04-23,0.684,0.906,1.34,2.626
2025-04-24,0.679,0.884,1.328,2.634
2025-04-25,0.689,0.903,1.347,2.639
2025-04-28,0.686,0.898,1.329,2.639
2025-04-30,0.676,0.888,1.33,2.645
2025-05-01,0.629,0.844,1.291,2.653
2025-05-02,0.609,0.83,1.283,2.693
2025-05-07,0.609,0.85,1.318,2.791
2025-05-08,0.619,0.871,1.343,2.779
2025-05-09,0.634,0.891,1.37,2.802
2025-05-12,0.66,0.922,1.405,2.836
2025-05-13,0.718,0.989,1.46,2.779
2025-05-14,0.706,0.977,1.466,2.811
2025-05-15,0.717,1.01,1.489,2.839
2025-05-16,0.707,0.992,1.466,2.84
2025-05-19,0.718,1.007,1.494,2.851
2025-05-20,0.728,1.018,1.53,2.969
2025-05-21,0.72,1.008,1.53,2.976
2025-05-22,0.737,1.045,1.573,2.999
2025-05-23,0.731,1.044,1.559,2.925
2025-05-26,0.728,1.023,1.522,2.9
2025-05-27,0.739,1.012,1.479,2.743
2025-05-28,0.753,1.054,1.531,2.796
2025-05-29,0.758,1.043,1.532,2.853
2025-05-30,0.75,1.029,1.518,2.846
2025-06-02,0.755,1.043,1.523,2.821
2025-06-03,0.755,1.035,1.499,2.825
2025-06-04,0.765,1.055,1.518,2.833
2025-06-05,0.755,1.02,1.481,2.787
2025-06-06,0.76,1.023,1.477,2.78
2025-06-09,0.775,1.043,1.491,2.805
2025-06-10,0.771,1.045,1.498,2.809
2025-06-11,0.756,1.029,1.48,2.808
2025-06-12,0.756,1.024,1.48,2.804
2025-06-13,0.736,0.979,1.429,2.781
2025-06-16,0.758,1.025,1.477,2.799
2025-06-17,0.769,1.047,1.498,2.823
2025-06-18,0.755,1.022,1.479,2.819
2025-06-19,0.728,0.973,1.439,2.808
2025-06-20,0.728,0.965,1.424,2.798
2025-06-23,0.738,0.981,1.437,2.808
2025-06-24,0.738,0.981,1.445,2.811
2025-06-25,0.724,0.967,1.426,2.796
2025-06-26,0.735,0.986,1.445,2.792
2025-06-27,0.74,0.994,1.459,2.8
2025-06-30,0.746,0.999,1.462,2.803
2025-07-01,0.735,0.986,1.419,2.789
2025-07-02,0.741,0.992,1.434,2.785
2025-07-03,0.746,1.009,1.448,2.844
2025-07-04,0.736,0.992,1.444,2.852
2025-07-07,0.732,0.993,1.463,2.932
2025-07-08,0.733,1.009,1.492,3.007
2025-07-09,0.754,1.029,1.507,3.003
2025-07-10,0.76,1.025,1.498,3.008
2025-07-11,0.764,1.035,1.507,2.992
2025-07-14,0.781,1.074,1.574,3.083
2025-07-15,0.792,1.085,1.588,3.087
2025-07-16,0.793,1.085,1.575,3.011
2025-07-17,0.788,1.081,1.561,3.029
2025-07-18,0.772,1.046,1.528,3.014
2025-07-22,0.76,1.027,1.51,3.022
2025-07-23,0.838,1.125,1.596,3.062
2025-07-24,0.854,1.14,1.605,3.034
2025-07-25,0.863,1.155,1.605,3.006
2025-07-28,0.849,1.122,1.571,2.975
2025-07-29,0.835,1.108,1.564,2.999
2025-07-30,0.826,1.097,1.565,3.019
2025-07-31,0.826,1.097,1.559,3.026
2025-08-01,0.814,1.089,1.56,3.037
2025-08-04,0.764,1.035,1.52,3.046
2025-08-05,0.754,1.016,1.487,3.019
2025-08-06,0.774,1.034,1.509,3.015
2025-08-07,0.77,1.034,1.5,3.006
2025-08-08,0.77,1.045,1.502,3.014
2025-08-12,0.775,1.051,1.516,3.029
2025-08-13,0.785,1.074,1.53,3.025
2025-08-14,0.822,1.114,1.563,3.024
2025-08-15,0.826,1.12,1.574,3.032
2025-08-18,0.833,1.124,1.584,3.049
2025-08-19,0.849,1.144,1.603,3.068
2025-08-20,0.858,1.155,1.617,3.095
2025-08-21,0.862,1.159,1.617,3.098
2025-08-22,0.873,1.164,1.626,3.12
2025-08-25,0.869,1.165,1.628,3.119
2025-08-26,0.874,1.166,1.631,3.11
2025-08-27,0.869,1.17,1.637,3.134
2025-08-28,0.871,1.167,1.628,3.122
2025-08-29,0.871,1.162,1.613,3.096
2025-09-01,0.88,1.178,1.633,3.102
2025-09-02,0.87,1.157,1.615,3.111
2025-09-03,0.87,1.169,1.643,3.17
2025-09-04,0.855,1.15,1.617,3.158
2025-09-05,0.841,1.119,1.59,3.128
2025-09-08,0.831,1.111,1.586,3.167
2025-09-09,0.842,1.11,1.58,3.147
2025-09-10,0.857,1.125,1.585,3.123
2025-09-11,0.862,1.134,1.594,3.115
2025-09-12,0.873,1.156,1.613,3.103
2025-09-16,0.884,1.171,1.623,3.132
2025-09-17,0.883,1.161,1.611,3.108
2025-09-18,0.888,1.17,1.615,3.093
2025-09-19,0.918,1.214,1.655,3.072
2025-09-22,0.935,1.244,1.669,3.094
2025-09-24,0.932,1.239,1.655,3.074
2025-09-25,0.936,1.25,1.659,3.054
2025-09-26,0.931,1.245,1.669,3.084
2025-09-29,0.931,1.241,1.657,3.05
2025-09-30,0.958,1.244,1.662,3.067
2025-10-01,0.954,1.248,1.663,3.074
2025-10-02,0.955,1.257,1.675,3.087
2025-10-03,0.945,1.241,1.667,3.072
2025-10-06,0.899,1.217,1.677,3.175
2025-10-07,0.909,1.23,1.682,3.177
2025-10-08,0.93,1.252,1.701,3.164
2025-10-09,0.93,1.243,1.697,3.18
2025-10-10,0.925,1.231,1.697,3.187
2025-10-14,0.895,1.195,1.67,3.218
2025-10-15,0.9,1.199,1.662,3.175
2025-10-16,0.92,1.214,1.663,3.134
2025-10-17,0.909,1.199,1.638,3.134
2025-10-20,0.95,1.248,1.676,3.129
2025-10-21,0.94,1.233,1.667,3.138
2025-10-22,0.929,1.225,1.663,3.13
2025-10-23,0.933,1.229,1.667,3.101
2025-10-24,0.932,1.229,1.667,3.081
2025-10-27,0.943,1.242,1.683,3.097
2025-10-28,0.94,1.226,1.654,3.083
2025-10-29,0.943,1.237,1.664,3.072
2025-10-30,0.929,1.222,1.66,3.063
2025-10-31,0.928,1.235,1.67,3.068
2025-11-04,0.945,1.253,1.684,3.105
2025-11-05,0.93,1.234,1.676,3.101
2025-11-06,0.941,1.253,1.694,3.105
2025-11-07,0.941,1.257,1.688,3.117
2025-11-10,0.948,1.272,1.712,3.141
2025-11-11,0.937,1.258,1.704,3.177
2025-11-12,0.942,1.258,1.7,3.189
2025-11-13,0.932,1.254,1.705,3.188
2025-11-14,0.932,1.259,1.714,3.205
2025-11-17,0.938,1.27,1.745,3.241
2025-11-18,0.928,1.265,1.759,3.285
2025-11-19,0.934,1.275,1.779,3.308
2025-11-20,0.965,1.335,1.824,3.334
2025-11-21,0.959,1.324,1.792,3.291
2025-11-25,0.975,1.344,1.811,3.302
2025-11-26,0.985,1.349,1.825,3.294
2025-11-27,0.977,1.332,1.807,3.297
2025-11-28,0.992,1.326,1.812,3.3
2025-12-01,1.02,1.397,1.881,3.343
2025-12-02,1.005,1.382,1.864,3.331
2025-12-03,1.016,1.4,1.897,3.367
2025-12-04,1.021,1.425,1.939,3.343
2025-12-05,1.052,1.45,1.951,3.315
2025-12-08,1.063,1.462,1.966,3.338
2025-12-09,1.069,1.457,1.962,3.334
2025-12-10,1.074,1.462,1.958,3.346
2025-12-11,1.054,1.439,1.933,3.334
2025-12-12,1.07,1.456,1.956,3.309
2025-12-15,1.071,1.452,1.961,3.32
2025-12-16,1.067,1.452,1.957,3.307
2025-12-17,1.077,1.462,1.98,3.311
2025-12-18,1.073,1.454,1.972,3.33
2025-12-19,1.101,1.506,2.021,3.362
2025-12-22,1.129,1.558,2.073,3.374
2025-12-23,1.111,1.515,2.039,3.371
2025-12-24,1.111,1.515,2.044,3.371
2025-12-25,1.147,1.544,2.042,3.349
2025-12-26,1.141,1.539,2.039,3.335
2025-12-29,1.15,1.549,2.052,3.371
2025-12-30,1.167,1.567,2.066,3.354
2026-01-05,1.194,1.62,2.111,3.393
2026-01-06,1.185,1.615,2.123,3.42
2026-01-07,1.17,1.605,2.124,3.428
2026-01-08,1.129,1.554,2.083,3.435
2026-01-09,1.151,1.58,2.096,3.399
2026-01-13,1.164,1.626,2.163,3.462
2026-01-14,1.186,1.647,2.182,3.486
2026-01-15,1.19,1.636,2.164,3.454
2026-01-16,1.205,1.647,2.182,3.462
2026-01-19,1.23,1.691,2.266,3.562
2026-01-20,1.22,1.703,2.33,3.765
2026-01-21,1.235,1.687,2.28,3.647
2026-01-22,1.224,1.668,2.239,3.604
2026-01-23,1.262,1.696,2.253,3.585
2026-01-26,1.277,1.692,2.236,3.568
2026-01-27,1.284,1.717,2.281,3.599
2026-01-28,1.257,1.672,2.237,3.579
2026-01-29,1.264,1.684,2.252,3.566
2026-01-30,1.251,1.666,2.247,3.577
2026-02-02,1.265,1.659,2.235,3.583
2026-02-03,1.286,1.693,2.258,3.58
2026-02-04,1.276,1.687,2.249,3.579
2026-02-05,1.276,1.693,2.231,3.525
2026-02-06,1.281,1.697,2.236,3.513
2026-02-09,1.313,1.751,2.289,3.52
2026-02-10,1.303,1.712,2.241,3.468
2026-02-12,1.305,1.713,2.238,3.413
2026-02-13,1.289,1.692,2.218,3.422
2026-02-16,1.275,1.685,2.22,3.461
2026-02-17,1.233,1.63,2.143,3.382
2026-02-18,1.242,1.634,2.152,3.371
2026-02-19,1.265,1.646,2.157,3.34
2026-02-20,1.26,1.622,2.125,3.323
2026-02-24,1.251,1.612,2.119,3.295
2026-02-25,1.224,1.601,2.154,3.38
2026-02-26,1.246,1.625,2.168,3.366
2026-02-27,1.25,1.594,2.132,3.342
2026-03-02,1.219,1.552,2.087,3.293
2026-03-03,1.25,1.611,2.148,3.337
2026-03-04,1.235,1.597,2.134,3.353
2026-03-05,1.256,1.641,2.175,3.374
2026-03-06,1.246,1.637,2.18,3.384
2026-03-09,1.242,1.644,2.205,3.44
2026-03-10,1.258,1.648,2.199,3.412
2026-03-11,1.253,1.633,2.178,3.421
2026-03-12,1.263,1.646,2.201,3.451
2026-03-13,1.289,1.7,2.255,3.479
2026-03-16,1.287,1.709,2.288,3.515
2026-03-17,1.28,1.7,2.279,3.514
2026-03-18,1.261,1.663,2.231,3.462
2026-03-19,1.277,1.691,2.273,3.491
2026-03-23,1.311,1.746,2.322,3.522
2026-03-24,1.311,1.731,2.282,3.509
2026-03-25,1.317,1.74,2.267,3.479
2026-03-26,1.348,1.761,2.286,3.489
2026-03-27,1.393,1.836,2.38,3.629
2026-03-30,1.369,1.804,2.368,3.698
2026-03-31,1.375,1.804,2.366,3.64
2026-04-01,1.349,1.755,2.315,3.564
2026-04-02,1.39,1.823,2.395,3.614
2026-04-03,1.391,1.818,2.386,3.611
2026-04-06,1.402,1.85,2.429,3.672
2026-04-07,1.387,1.831,2.411,3.667
2026-04-08,1.382,1.812,2.374,3.615
2026-04-09,1.394,1.831,2.397,3.619
2026-04-10,1.405,1.866,2.439,3.638
2026-04-13,1.401,1.876,2.467,3.698
2026-04-14,1.382,1.842,2.423,3.633
2026-04-15,1.382,1.838,2.414,3.606
2026-04-16,1.366,1.83,2.409,3.623
2026-04-17,1.372,1.843,2.428,3.622
2026-04-20,1.369,1.825,2.405,3.586
2026-04-21,1.359,1.816,2.392,3.581
2026-04-22,1.362,1.832,2.406,3.597
2026-04-23,1.365,1.845,2.429,3.63
2026-04-24,1.363,1.842,2.443,3.66
2026-04-27,1.375,1.862,2.477,3.675
2026-04-28,1.389,1.868,2.468,3.647
2026-04-30,1.402,1.903,2.52,3.721
2026-05-01,1.385,1.888,2.507,3.706
2026-05-07,1.372,1.866,2.485,3.714
2026-05-08,1.378,1.875,2.485,3.706
2026-05-11,1.395,1.908,2.527,3.741
2026-05-12,1.401,1.932,2.546,3.78
2026-05-13,1.401,1.945,2.587,3.783
2026-05-14,1.407,1.962,2.628,3.852
2026-05-15,1.413,2.0,2.691,3.922
2026-05-18,1.431,2.015,2.729,4.0
2026-05-19,1.452,2.051,2.783,4.043
2026-05-20,1.464,2.058,2.77,4.0
2026-05-21,1.453,2.031,2.748,3.939
2026-05-22,1.443,2.026,2.749,3.931
2026-05-25,1.42,1.985,2.686,3.876
2026-05-26,1.421,1.995,2.713,3.866
2026-05-27,1.399,1.963,2.687,3.856
2026-05-28,1.366,1.94,2.692,3.896
2026-05-29,1.393,1.919,2.657,3.859
2026-06-01,1.4,1.948,2.682,3.863
2026-06-02,1.38,1.889,2.577,3.81
2026-06-03,1.401,1.943,2.645,3.817
2026-06-04,1.417,1.966,2.671,3.833
2026-06-05,1.412,1.955,2.669,3.841
2026-06-08,1.42,1.978,2.715,3.876
2026-06-09,1.42,1.962,2.669,3.823
2026-06-10,1.426,1.971,2.681,3.811
2026-06-11,1.427,1.963,2.682,3.823
2026-06-12,1.417,1.938,2.643,3.767
2026-06-15,1.409,1.901,2.589,3.725
2026-06-16,1.414,1.945,2.655,3.747
2026-06-17,1.398,1.897,2.613,3.709
2026-06-18,1.4,1.898,2.628,3.737
2026-06-19,1.409,1.928,2.656,3.786
2026-06-22,1.415,1.946,2.677,3.797
2026-06-23,1.426,1.957,2.683,3.79
2026-06-24,1.432,1.95,2.674,3.808
2026-06-25,1.421,1.923,2.637,3.781
2026-06-26,1.409,1.915,2.611,3.759
2026-06-29,1.411,1.916,2.644,3.785
2026-06-30,1.382,1.937,2.69,3.873
2026-07-01,1.4,1.959,2.711,3.883
2026-07-02,1.395,1.979,2.778,3.937
2026-07-03,1.39,1.971,2.768,3.94
2026-07-06,1.396,1.994,2.823,3.976
2026-07-07,1.402,2.007,2.834,3.951
2026-07-08,1.433,2.039,2.856,3.998
2026-07-09,1.444,2.039,2.866,4.013
2026-07-10,1.434,1.99,2.761,3.938
2026-07-13,1.451,2.006,2.786,3.922
2026-07-14,1.435,1.963,2.713,3.787
2026-07-15,1.436,1.948,2.697,3.802
2026-07-16,1.44,1.964,2.719,3.862
2026-07-17,1.436,1.945,2.715,3.894
2026-07-21,1.441,1.958,2.731,3.905
2026-07-22,1.45,1.978,2.745,3.901
2026-07-23,1.499,2.015,2.776,3.929
2026-07-24,1.531,2.06,2.815,3.98
2026-07-27,1.513,2.032,2.778,3.969
2026-07-28,1.504,2.024,2.783,3.98
2026-07-29,1.488,2.0,2.757,3.941
2026-07-30,1.497,2.033,2.801,3.971
2026-07-31,1.507,2.044,2.801,3.982
2026-08-03,1.562,2.1,2.824,3.982
2026-08-04,1.568,2.096,2.848,3.99
2026-08-05,1.569,2.068,2.813,3.966
2026-08-06,1.565,2.044,2.773,3.919
2026-08-07,1.611,2.091,2.804,3.925
2026-08-10,1.618,2.101,2.815,3.957
2026-08-12,1.646,2.12,2.856,3.989
2026-08-13,1.651,2.134,2.873,4.002
2026-08-14,1.657,2.151,2.878,4.002
2026-08-17,1.696,2.177,2.919,4.05
2026-08-18,1.691,2.177,2.934,4.096
2026-08-19,1.681,2.146,2.894,4.054
2026-08-20,1.682,2.127,2.854,3.995
2026-08-21,1.682,2.146,2.882,4.042
2026-08-24,1.685,2.155,2.887,4.036
2026-08-25,1.684,2.167,2.897,4.04
2026-08-26,1.697,2.172,2.892,4.039
2026-08-27,1.696,2.182,2.897,4.038
2026-08-28,1.719,2.212,2.93,4.084
2026-08-31,1.743,2.233,2.943,4.092
2026-09-01,1.802,2.28,2.987,4.131
2026-09-02,1.854,2.332,3.006,4.122
2026-09-03,1.85,2.303,2.966,4.052
2026-09-04,1.83,2.25,2.91,3.965
2026-09-07,1.852,2.272,2.935,4.009
2026-09-08,1.848,2.258,2.896,3.961
2026-09-09,1.833,2.243,2.891,3.956
2026-09-10,1.823,2.244,2.92,3.995
2026-09-11,1.844,2.296,2.987,4.024
