theme,category
CMOSセンサー,半導体・電子
EUV,半導体・電子
LEDディスプレー,半導体・電子
その他半導体関連,半導体・電子
その他有機EL関連,半導体・電子
その他液晶関連,半導体・電子
コンデンサー,半導体・電子
シリコンウエハー,半導体・電子
セラミックコンデンサー,半導体・電子
センサー,半導体・電子
ディスプレー広告,半導体・電子
パワー半導体,半導体・電子
プリント配線板処理薬,半導体・電子
半導体,半導体・電子
半導体商社,半導体・電子
半導体製造装置,半導体・電子
半導体部材・部品,半導体・電子
有機EL,半導体・電子
有機ELディスプレー,半導体・電子
有機EL照明,半導体・電子
有機EL製造装置,半導体・電子
有機EL部材・部品,半導体・電子
液晶テレビ関連,半導体・電子
液晶ディスプレー,半導体・電子
液晶製造装置,半導体・電子
液晶部材・部品,半導体・電子
発電電子部品,半導体・電子
空中ディスプレー,半導体・電子
電子部品,半導体・電子
電子部品実装,半導体・電子
AIエージェント,AI・ソフト・データ
AIスピーカー,AI・ソフト・データ
AI医療診断,AI・ソフト・データ
IoT,AI・ソフト・データ
SaaS,AI・ソフト・データ
その他デジタル家電関連,AI・ソフト・データ
エッジコンピューティング,AI・ソフト・データ
クラウドゲーム,AI・ソフト・データ
クラウドコンピューティング,AI・ソフト・データ
クラウドソーシング,AI・ソフト・データ
クラウドファンディング,AI・ソフト・データ
サイバーセキュリティ,AI・ソフト・データ
スーパーコンピューター,AI・ソフト・データ
セキュリティソフト,AI・ソフト・データ
チャットボット,AI・ソフト・データ
デジタルカメラ,AI・ソフト・データ
デジタルサイネージ,AI・ソフト・データ
デジタルシネマ,AI・ソフト・データ
デジタルツイン,AI・ソフト・データ
デジタルトランスフォーメーション,AI・ソフト・データ
デジタルビデオカメラ,AI・ソフト・データ
デジタル印刷,AI・ソフト・データ
デジタル給与,AI・ソフト・データ
デジタル通貨,AI・ソフト・データ
データセンター,AI・ソフト・データ
データ分析・解析,AI・ソフト・データ
ビッグデータ,AI・ソフト・データ
フィジカルAI,AI・ソフト・データ
フリマアプリ,AI・ソフト・データ
人工知能,AI・ソフト・データ
地上デジタル放送,AI・ソフト・データ
建設DX,AI・ソフト・データ
情報セキュリティ,AI・ソフト・データ
消防無線デジタル化,AI・ソフト・データ
生成AI,AI・ソフト・データ
量子コンピューター,AI・ソフト・データ
量子暗号通信,AI・ソフト・データ
5G,通信
6G,通信
ローカル5G,通信
MaaS,モビリティ
NAS電池,モビリティ
その他太陽電池関連,モビリティ
その他自動車関連,モビリティ
カーシェアリング,モビリティ
ニッケル水素電池,モビリティ
プラグイン電気自動車,モビリティ
ペロブスカイト太陽電池,モビリティ
マグネシウム電池,モビリティ
ライドシェア,モビリティ
リチウムイオン電池,モビリティ
リチウムイオン電池製造装置,モビリティ
リチウムイオン電池部材・部品,モビリティ
全固体電池,モビリティ
太陽電池・太陽光発電システム,モビリティ
太陽電池搭載車,モビリティ
太陽電池製造装置,モビリティ
太陽電池部材・部品,モビリティ
家庭用燃料電池,モビリティ
消防自動車,モビリティ
燃料電池製造装置,モビリティ
燃料電池車,モビリティ
燃料電池部材・部品,モビリティ
燃料電池関連,モビリティ
空飛ぶクルマ,モビリティ
自動車,モビリティ
自動車製造装置,モビリティ
自動車軽量化,モビリティ
自動車部材・部品,モビリティ
自動車電子化,モビリティ
自動運転車,モビリティ
蓄電池,モビリティ
軽自動車,モビリティ
電気自動車充電器,モビリティ
電気自動車関連,モビリティ
電池関連,モビリティ
3Dプリンター,ロボット・FA・機械
FA関連,ロボット・FA・機械
PFAS対策,ロボット・FA・機械
インフラ点検ロボット,ロボット・FA・機械
インホイールモーター,ロボット・FA・機械
サービスロボット,ロボット・FA・機械
ドローン,ロボット・FA・機械
ヒト型ロボット,ロボット・FA・機械
リニアモーターカー,ロボット・FA・機械
ロボット,ロボット・FA・機械
ロボット掃除機,ロボット・FA・機械
介護ロボット,ロボット・FA・機械
工作機械,ロボット・FA・機械
災害ロボット,ロボット・FA・機械
精密モーター,ロボット・FA・機械
宇宙ごみ対策,防衛・宇宙
宇宙開発関連,防衛・宇宙
生活防衛,防衛・宇宙
衛星放送,防衛・宇宙
衛星運営,防衛・宇宙
防衛,防衛・宇宙
LNG,エネルギー
その他バイオマス,エネルギー
その他原子力発電関連,エネルギー
アンモニア,エネルギー
エネルギー,エネルギー
カーボンオフセット,エネルギー
カーボンナノチューブ,エネルギー
カーボンニュートラル,エネルギー
バイオマスプラスチック,エネルギー
バイオマス発電,エネルギー
バイオ航空燃料,エネルギー
再生可能エネルギー,エネルギー
原子力発電,エネルギー
原子力発電部材・部品,エネルギー
受変電設備,エネルギー
地熱発電,エネルギー
天然ガス火力発電,エネルギー
太陽光発電関連,エネルギー
太陽熱発電,エネルギー
核融合発電,エネルギー
水素,エネルギー
水素ステーション,エネルギー
波力発電,エネルギー
洋上風力発電,エネルギー
潮力発電,エネルギー
火力発電,エネルギー
独立系発電事業者,エネルギー
発電機,エネルギー
石油,エネルギー
石炭ガス化複合発電,エネルギー
石炭火力発電,エネルギー
脱炭素,エネルギー
送電,エネルギー
電力エンジニアリング,エネルギー
電力会社,エネルギー
電力工事,エネルギー
電力線通信,エネルギー
電力設備投資関連,エネルギー
電線,エネルギー
電線地中化,エネルギー
風力発電,エネルギー
コバルト,素材・資源
スーパー繊維,素材・資源
セメント,素材・資源
タングステン,素材・資源
ニッケル,素材・資源
レアアース,素材・資源
レアメタル,素材・資源
亜鉛,素材・資源
化学,素材・資源
合成繊維,素材・資源
吸湿発熱機能繊維,素材・資源
水産資源,素材・資源
海底資源,素材・資源
炭化ケイ素繊維,素材・資源
炭素繊維,素材・資源
白金,素材・資源
石油化学,素材・資源
素材,素材・資源
繊維,素材・資源
繊維機械,素材・資源
資源開発,素材・資源
都市鉱山,素材・資源
金,素材・資源
鉄鋼,素材・資源
鉄鋼商社,素材・資源
鉱山機械,素材・資源
銀,素材・資源
銅,素材・資源
非鉄,素材・資源
高吸水性樹脂,素材・資源
iPS細胞,ヘルスケア・バイオ
がん免疫療法,ヘルスケア・バイオ
がん最先端治療,ヘルスケア・バイオ
がん検査,ヘルスケア・バイオ
ジェネリック医薬品,ヘルスケア・バイオ
バイオエタノール,ヘルスケア・バイオ
バイオガス,ヘルスケア・バイオ
バイオテクノロジー関連,ヘルスケア・バイオ
バイオマーカー,ヘルスケア・バイオ
バイオ後発薬,ヘルスケア・バイオ
バイオ抗がん剤,ヘルスケア・バイオ
ホームヘルスケア,ヘルスケア・バイオ
モノクローナル抗体,ヘルスケア・バイオ
ワクチン療法,ヘルスケア・バイオ
不妊治療,ヘルスケア・バイオ
予防医療,ヘルスケア・バイオ
介護テック,ヘルスケア・バイオ
介護レンタル,ヘルスケア・バイオ
介護関連,ヘルスケア・バイオ
個別化医療,ヘルスケア・バイオ
健康・機能性食品,ヘルスケア・バイオ
内視鏡,ヘルスケア・バイオ
再生医療,ヘルスケア・バイオ
創薬,ヘルスケア・バイオ
医療ツーリズム,ヘルスケア・バイオ
医療モール,ヘルスケア・バイオ
医療・医薬品,ヘルスケア・バイオ
医療事故防止,ヘルスケア・バイオ
医療器材,ヘルスケア・バイオ
医療情報,ヘルスケア・バイオ
医療支援,ヘルスケア・バイオ
医療機器,ヘルスケア・バイオ
医療用ガス,ヘルスケア・バイオ
医薬中間体,ヘルスケア・バイオ
医薬品営業受託,ヘルスケア・バイオ
医薬品製造受託,ヘルスケア・バイオ
医薬品開発支援,ヘルスケア・バイオ
医薬品関連,ヘルスケア・バイオ
在宅医療,ヘルスケア・バイオ
抗がん剤,ヘルスケア・バイオ
抗体医薬,ヘルスケア・バイオ
新型コロナワクチン,ヘルスケア・バイオ
核酸医薬,ヘルスケア・バイオ
歯科,ヘルスケア・バイオ
細胞医薬品,ヘルスケア・バイオ
肥満症治療薬,ヘルスケア・バイオ
製薬機械,ヘルスケア・バイオ
診断薬,ヘルスケア・バイオ
認知症薬,ヘルスケア・バイオ
遠隔医療,ヘルスケア・バイオ
遺伝子検査,ヘルスケア・バイオ
遺伝子治療,ヘルスケア・バイオ
遺伝子破壊マウス,ヘルスケア・バイオ
遺伝子解析サービス,ヘルスケア・バイオ
高血圧治療薬,ヘルスケア・バイオ
NFT,金融・不動産
REIT,金融・不動産
キャッシュレス決済,金融・不動産
サブリース,金融・不動産
ステーブルコイン,金融・不動産
ネット証券,金融・不動産
ネット銀行,金融・不動産
フィンテック,金融・不動産
ブロックチェーン,金融・不動産
リース,金融・不動産
不動産テック,金融・不動産
不動産ネット取引,金融・不動産
不動産ファンド,金融・不動産
不動産再生,金融・不動産
不動産情報サイト,金融・不動産
不動産投資,金融・不動産
不動産流動化,金融・不動産
不動産関連,金融・不動産
保険,金融・不動産
地方銀行,金融・不動産
投資銀行,金融・不動産
損害保険,金融・不動産
決済サービス,金融・不動産
消費者金融,金融・不動産
生命保険,金融・不動産
証券,金融・不動産
証券取引所システム,金融・不動産
証券金融,金融・不動産
金融,金融・不動産
金融向けシステム,金融・不動産
金融商品比較サイト,金融・不動産
銀行,金融・不動産
銀行事業・業務,金融・不動産
電子決済代行サービス,金融・不動産
IR,消費・小売・インバウンド
eスポーツ,消費・小売・インバウンド
アニメ,消費・小売・インバウンド
アパレル,消費・小売・インバウンド
インバウンド,消費・小売・インバウンド
ウインタースポーツ,消費・小売・インバウンド
オフィス家具,消費・小売・インバウンド
オンラインゲーム,消費・小売・インバウンド
カジノ関連,消費・小売・インバウンド
カプセル玩具,消費・小売・インバウンド
ゲームソフト,消費・小売・インバウンド
ゲーム販売,消費・小売・インバウンド
ゲーム関連,消費・小売・インバウンド
コンテンツ,消費・小売・インバウンド
コンテンツ配信,消費・小売・インバウンド
コンビニエンスストア,消費・小売・インバウンド
コンビニコーヒー,消費・小売・インバウンド
スポーツ,消費・小売・インバウンド
スポーツテック,消費・小売・インバウンド
スポーツ用品,消費・小売・インバウンド
スマホゲーム,消費・小売・インバウンド
ソーシャルゲーム,消費・小売・インバウンド
ドラッグストア,消費・小売・インバウンド
ビジネスホテル,消費・小売・インバウンド
ペット,消費・小売・インバウンド
ペットボトル,消費・小売・インバウンド
ホテル,消費・小売・インバウンド
モバイルコンテンツ,消費・小売・インバウンド
リサイクル,消費・小売・インバウンド
中古バイク,消費・小売・インバウンド
中古マンション再生,消費・小売・インバウンド
中古住宅,消費・小売・インバウンド
中古建機,消費・小売・インバウンド
中古本,消費・小売・インバウンド
中古車,消費・小売・インバウンド
位置情報ゲーム,消費・小売・インバウンド
化粧品,消費・小売・インバウンド
外食,消費・小売・インバウンド
大阪観光,消費・小売・インバウンド
家具,消費・小売・インバウンド
小売り,消費・小売・インバウンド
教育,消費・小売・インバウンド
教育ICT,消費・小売・インバウンド
旅行,消費・小売・インバウンド
旅行サイト,消費・小売・インバウンド
玩具,消費・小売・インバウンド
百貨店,消費・小売・インバウンド
越境EC,消費・小売・インバウンド
通信教育,消費・小売・インバウンド
インフラ,産業・インフラ
インフラ輸出,産業・インフラ
スマートシティ,産業・インフラ
ゼネコン,産業・インフラ
トンネル,産業・インフラ
バラスト水処理,産業・インフラ
リニア鉄道輸出,産業・インフラ
倉庫,産業・インフラ
国土強靱化,産業・インフラ
建設,産業・インフラ
建設コンサルタント,産業・インフラ
建設・土木,産業・インフラ
建設基礎工事,産業・インフラ
建設機械,産業・インフラ
建設機械レンタル,産業・インフラ
建設用クレーン,産業・インフラ
建設資材,産業・インフラ
建設車両,産業・インフラ
橋梁,産業・インフラ
水処理膜,産業・インフラ
海運,産業・インフラ
港湾運送,産業・インフラ
物流,産業・インフラ
物流テック,産業・インフラ
環境タイヤ,産業・インフラ
環境問題,産業・インフラ
環境対応車関連,産業・インフラ
環境試験装置,産業・インフラ
環境関連,産業・インフラ
産業廃棄物処理,産業・インフラ
空港ビジネス,産業・インフラ
羽田空港国際化,産業・インフラ
造船,産業・インフラ
鉄道系ICカード,産業・インフラ
鉄道設備投資,産業・インフラ
鉄道輸出,産業・インフラ
鉄道関連,産業・インフラ
陸運,産業・インフラ
電磁環境適合性,産業・インフラ
VR,その他成長
ウェアラブル端末,その他成長
スマートグリッド,その他成長
スマートセルインダストリー,その他成長
スマートテレビ,その他成長
スマートフォン,その他成長
スマートホーム,その他成長
スマートメーター,その他成長
スマートロック,その他成長
スマート農業,その他成長
メタバース,その他成長
働き方改革,その他成長
次世代農業ビジネス,その他成長
農業機械,その他成長
農業経営,その他成長
農業関連,その他成長
